[{"aqi": 20, "area": "上海", "pm2_5": 14, "pm2_5_24h": 14, "position_name": "十五厂", "primary_pollutant": null, "quality": "优", "station_code": "1142A", "time_point": "2017-07-29T14:00:00Z"}, {"aqi": 29, "area": "上海", "pm2_5": 20, "pm2_5_24h": 17, "position_name": "静安监测站", "primary_pollutant": null, "quality": "优", "station_code": "1147A", "time_point": "2017-07-29T14:00:00Z"}, {"aqi": 29, "area": "上海", "pm2_5": 20, "pm2_5_24h": 11, "position_name": "浦东新区监测站", "primary_pollutant": null, "quality": "优", "station_code": "1149A", "time_point": "2017-07-29T14:00:00Z"}, {"aqi": 30, "area": "上海", "pm2_5": 19, "pm2_5_24h": 16, "position_name": "徐汇上师大", "primary_pollutant": null, "quality": "优", "station_code": "1144A", "time_point": "2017-07-29T14:00:00Z"}, {"aqi": 34, "area": "上海", "pm2_5": 19, "pm2_5_24h": 15, "position_name": null, "primary_pollutant": "", "quality": "优", "station_code": null, "time_point": "2017-07-29T14:00:00Z"}]